{
  "": {
    "dependencies": "/Users/bhashini/TodoPlantApp/.build/arm64-apple-macosx/release/TodoPlantApp.build/TodoPlantApp.d",
    "object": "/Users/bhashini/TodoPlantApp/.build/arm64-apple-macosx/release/TodoPlantApp.build/TodoPlantApp.o",
    "swift-dependencies": "/Users/bhashini/TodoPlantApp/.build/arm64-apple-macosx/release/TodoPlantApp.build/master.swiftdeps"
  },
  "/Users/bhashini/TodoPlantApp/TodoPlantApp/ContentView.swift": {
    "object": "/Users/bhashini/TodoPlantApp/.build/arm64-apple-macosx/release/TodoPlantApp.build/ContentView.swift.o",
    "swiftmodule": "/Users/bhashini/TodoPlantApp/.build/arm64-apple-macosx/release/TodoPlantApp.build/ContentView~partial.swiftmodule",
    "swift-dependencies": "/Users/bhashini/TodoPlantApp/.build/arm64-apple-macosx/release/TodoPlantApp.build/ContentView.swiftdeps"
  },
  "/Users/bhashini/TodoPlantApp/TodoPlantApp/GameLogic.swift": {
    "object": "/Users/bhashini/TodoPlantApp/.build/arm64-apple-macosx/release/TodoPlantApp.build/GameLogic.swift.o",
    "swiftmodule": "/Users/bhashini/TodoPlantApp/.build/arm64-apple-macosx/release/TodoPlantApp.build/GameLogic~partial.swiftmodule",
    "swift-dependencies": "/Users/bhashini/TodoPlantApp/.build/arm64-apple-macosx/release/TodoPlantApp.build/GameLogic.swiftdeps"
  },
  "/Users/bhashini/TodoPlantApp/TodoPlantApp/PlantModel.swift": {
    "object": "/Users/bhashini/TodoPlantApp/.build/arm64-apple-macosx/release/TodoPlantApp.build/PlantModel.swift.o",
    "swiftmodule": "/Users/bhashini/TodoPlantApp/.build/arm64-apple-macosx/release/TodoPlantApp.build/PlantModel~partial.swiftmodule",
    "swift-dependencies": "/Users/bhashini/TodoPlantApp/.build/arm64-apple-macosx/release/TodoPlantApp.build/PlantModel.swiftdeps"
  },
  "/Users/bhashini/TodoPlantApp/TodoPlantApp/PlantView.swift": {
    "object": "/Users/bhashini/TodoPlantApp/.build/arm64-apple-macosx/release/TodoPlantApp.build/PlantView.swift.o",
    "swiftmodule": "/Users/bhashini/TodoPlantApp/.build/arm64-apple-macosx/release/TodoPlantApp.build/PlantView~partial.swiftmodule",
    "swift-dependencies": "/Users/bhashini/TodoPlantApp/.build/arm64-apple-macosx/release/TodoPlantApp.build/PlantView.swiftdeps"
  },
  "/Users/bhashini/TodoPlantApp/TodoPlantApp/TodoItem.swift": {
    "object": "/Users/bhashini/TodoPlantApp/.build/arm64-apple-macosx/release/TodoPlantApp.build/TodoItem.swift.o",
    "swiftmodule": "/Users/bhashini/TodoPlantApp/.build/arm64-apple-macosx/release/TodoPlantApp.build/TodoItem~partial.swiftmodule",
    "swift-dependencies": "/Users/bhashini/TodoPlantApp/.build/arm64-apple-macosx/release/TodoPlantApp.build/TodoItem.swiftdeps"
  },
  "/Users/bhashini/TodoPlantApp/TodoPlantApp/TodoListView.swift": {
    "object": "/Users/bhashini/TodoPlantApp/.build/arm64-apple-macosx/release/TodoPlantApp.build/TodoListView.swift.o",
    "swiftmodule": "/Users/bhashini/TodoPlantApp/.build/arm64-apple-macosx/release/TodoPlantApp.build/TodoListView~partial.swiftmodule",
    "swift-dependencies": "/Users/bhashini/TodoPlantApp/.build/arm64-apple-macosx/release/TodoPlantApp.build/TodoListView.swiftdeps"
  },
  "/Users/bhashini/TodoPlantApp/TodoPlantApp/TodoPlantAppApp.swift": {
    "object": "/Users/bhashini/TodoPlantApp/.build/arm64-apple-macosx/release/TodoPlantApp.build/TodoPlantAppApp.swift.o",
    "swiftmodule": "/Users/bhashini/TodoPlantApp/.build/arm64-apple-macosx/release/TodoPlantApp.build/TodoPlantAppApp~partial.swiftmodule",
    "swift-dependencies": "/Users/bhashini/TodoPlantApp/.build/arm64-apple-macosx/release/TodoPlantApp.build/TodoPlantAppApp.swiftdeps"
  }
}
