{
  "builtTestProducts" : [

  ],
  "copyCommands" : {

  },
  "explicitTargetDependencyImportCheckingMode" : {
    "none" : {

    }
  },
  "generatedSourceTargetSet" : [

  ],
  "pluginDescriptions" : [

  ],
  "swiftCommands" : {
    "C.TodoPlantApp-arm64-apple-macosx15.0-release.module" : {
      "executable" : "/Applications/Xcode.app/Contents/Developer/Toolchains/XcodeDefault.xctoolchain/usr/bin/swiftc",
      "fileList" : "/Users/bhashini/TodoPlantApp/.build/arm64-apple-macosx/release/TodoPlantApp.build/sources",
      "importPath" : "/Users/bhashini/TodoPlantApp/.build/arm64-apple-macosx/release/Modules",
      "inputs" : [
        {
          "kind" : "file",
          "name" : "/Users/bhashini/TodoPlantApp/TodoPlantApp/ContentView.swift"
        },
        {
          "kind" : "file",
          "name" : "/Users/bhashini/TodoPlantApp/TodoPlantApp/GameLogic.swift"
        },
        {
          "kind" : "file",
          "name" : "/Users/bhashini/TodoPlantApp/TodoPlantApp/PlantModel.swift"
        },
        {
          "kind" : "file",
          "name" : "/Users/bhashini/TodoPlantApp/TodoPlantApp/PlantView.swift"
        },
        {
          "kind" : "file",
          "name" : "/Users/bhashini/TodoPlantApp/TodoPlantApp/TodoItem.swift"
        },
        {
          "kind" : "file",
          "name" : "/Users/bhashini/TodoPlantApp/TodoPlantApp/TodoListView.swift"
        },
        {
          "kind" : "file",
          "name" : "/Users/bhashini/TodoPlantApp/TodoPlantApp/TodoPlantAppApp.swift"
        },
        {
          "kind" : "file",
          "name" : "/Users/bhashini/TodoPlantApp/.build/arm64-apple-macosx/release/swift-version--58304C5D6DBC2206.txt"
        },
        {
          "kind" : "file",
          "name" : "/Users/bhashini/TodoPlantApp/.build/arm64-apple-macosx/release/TodoPlantApp.build/sources"
        }
      ],
      "isLibrary" : false,
      "moduleName" : "TodoPlantApp",
      "moduleOutputPath" : "/Users/bhashini/TodoPlantApp/.build/arm64-apple-macosx/release/Modules/TodoPlantApp.swiftmodule",
      "objects" : [
        "/Users/bhashini/TodoPlantApp/.build/arm64-apple-macosx/release/TodoPlantApp.build/ContentView.swift.o",
        "/Users/bhashini/TodoPlantApp/.build/arm64-apple-macosx/release/TodoPlantApp.build/GameLogic.swift.o",
        "/Users/bhashini/TodoPlantApp/.build/arm64-apple-macosx/release/TodoPlantApp.build/PlantModel.swift.o",
        "/Users/bhashini/TodoPlantApp/.build/arm64-apple-macosx/release/TodoPlantApp.build/PlantView.swift.o",
        "/Users/bhashini/TodoPlantApp/.build/arm64-apple-macosx/release/TodoPlantApp.build/TodoItem.swift.o",
        "/Users/bhashini/TodoPlantApp/.build/arm64-apple-macosx/release/TodoPlantApp.build/TodoListView.swift.o",
        "/Users/bhashini/TodoPlantApp/.build/arm64-apple-macosx/release/TodoPlantApp.build/TodoPlantAppApp.swift.o"
      ],
      "otherArguments" : [
        "-target",
        "arm64-apple-macosx14.0",
        "-O",
        "-j10",
        "-DSWIFT_PACKAGE",
        "-module-cache-path",
        "/Users/bhashini/TodoPlantApp/.build/arm64-apple-macosx/release/ModuleCache",
        "-parseable-output",
        "-Xfrontend",
        "-entry-point-function-name",
        "-Xfrontend",
        "TodoPlantApp_main",
        "-swift-version",
        "5",
        "-sdk",
        "/Applications/Xcode.app/Contents/Developer/Platforms/MacOSX.platform/Developer/SDKs/MacOSX15.5.sdk",
        "-F",
        "/Applications/Xcode.app/Contents/Developer/Platforms/MacOSX.platform/Developer/Library/Frameworks",
        "-F",
        "/Applications/Xcode.app/Contents/Developer/Platforms/MacOSX.platform/Developer/Library/PrivateFrameworks",
        "-I",
        "/Applications/Xcode.app/Contents/Developer/Platforms/MacOSX.platform/Developer/usr/lib",
        "-L",
        "/Applications/Xcode.app/Contents/Developer/Platforms/MacOSX.platform/Developer/usr/lib",
        "-g",
        "-Xcc",
        "-isysroot",
        "-Xcc",
        "/Applications/Xcode.app/Contents/Developer/Platforms/MacOSX.platform/Developer/SDKs/MacOSX15.5.sdk",
        "-Xcc",
        "-F",
        "-Xcc",
        "/Applications/Xcode.app/Contents/Developer/Platforms/MacOSX.platform/Developer/Library/Frameworks",
        "-Xcc",
        "-F",
        "-Xcc",
        "/Applications/Xcode.app/Contents/Developer/Platforms/MacOSX.platform/Developer/Library/PrivateFrameworks",
        "-Xcc",
        "-fPIC",
        "-Xcc",
        "-g",
        "-package-name",
        "todoplantapp"
      ],
      "outputFileMapPath" : "/Users/bhashini/TodoPlantApp/.build/arm64-apple-macosx/release/TodoPlantApp.build/output-file-map.json",
      "outputs" : [
        {
          "kind" : "file",
          "name" : "/Users/bhashini/TodoPlantApp/.build/arm64-apple-macosx/release/TodoPlantApp.build/ContentView.swift.o"
        },
        {
          "kind" : "file",
          "name" : "/Users/bhashini/TodoPlantApp/.build/arm64-apple-macosx/release/TodoPlantApp.build/GameLogic.swift.o"
        },
        {
          "kind" : "file",
          "name" : "/Users/bhashini/TodoPlantApp/.build/arm64-apple-macosx/release/TodoPlantApp.build/PlantModel.swift.o"
        },
        {
          "kind" : "file",
          "name" : "/Users/bhashini/TodoPlantApp/.build/arm64-apple-macosx/release/TodoPlantApp.build/PlantView.swift.o"
        },
        {
          "kind" : "file",
          "name" : "/Users/bhashini/TodoPlantApp/.build/arm64-apple-macosx/release/TodoPlantApp.build/TodoItem.swift.o"
        },
        {
          "kind" : "file",
          "name" : "/Users/bhashini/TodoPlantApp/.build/arm64-apple-macosx/release/TodoPlantApp.build/TodoListView.swift.o"
        },
        {
          "kind" : "file",
          "name" : "/Users/bhashini/TodoPlantApp/.build/arm64-apple-macosx/release/TodoPlantApp.build/TodoPlantAppApp.swift.o"
        },
        {
          "kind" : "file",
          "name" : "/Users/bhashini/TodoPlantApp/.build/arm64-apple-macosx/release/Modules/TodoPlantApp.swiftmodule"
        }
      ],
      "prepareForIndexing" : false,
      "sources" : [
        "/Users/bhashini/TodoPlantApp/TodoPlantApp/ContentView.swift",
        "/Users/bhashini/TodoPlantApp/TodoPlantApp/GameLogic.swift",
        "/Users/bhashini/TodoPlantApp/TodoPlantApp/PlantModel.swift",
        "/Users/bhashini/TodoPlantApp/TodoPlantApp/PlantView.swift",
        "/Users/bhashini/TodoPlantApp/TodoPlantApp/TodoItem.swift",
        "/Users/bhashini/TodoPlantApp/TodoPlantApp/TodoListView.swift",
        "/Users/bhashini/TodoPlantApp/TodoPlantApp/TodoPlantAppApp.swift"
      ],
      "tempsPath" : "/Users/bhashini/TodoPlantApp/.build/arm64-apple-macosx/release/TodoPlantApp.build",
      "wholeModuleOptimization" : true
    }
  },
  "swiftFrontendCommands" : {

  },
  "swiftTargetScanArgs" : {
    "TodoPlantApp" : [
      "/Applications/Xcode.app/Contents/Developer/Toolchains/XcodeDefault.xctoolchain/usr/bin/swiftc",
      "-module-name",
      "TodoPlantApp",
      "-package-name",
      "todoplantapp",
      "-whole-module-optimization",
      "-num-threads",
      "10",
      "-c",
      "/Users/bhashini/TodoPlantApp/TodoPlantApp/ContentView.swift",
      "/Users/bhashini/TodoPlantApp/TodoPlantApp/GameLogic.swift",
      "/Users/bhashini/TodoPlantApp/TodoPlantApp/PlantModel.swift",
      "/Users/bhashini/TodoPlantApp/TodoPlantApp/PlantView.swift",
      "/Users/bhashini/TodoPlantApp/TodoPlantApp/TodoItem.swift",
      "/Users/bhashini/TodoPlantApp/TodoPlantApp/TodoListView.swift",
      "/Users/bhashini/TodoPlantApp/TodoPlantApp/TodoPlantAppApp.swift",
      "-I",
      "/Users/bhashini/TodoPlantApp/.build/arm64-apple-macosx/release/Modules",
      "-target",
      "arm64-apple-macosx14.0",
      "-O",
      "-j10",
      "-DSWIFT_PACKAGE",
      "-module-cache-path",
      "/Users/bhashini/TodoPlantApp/.build/arm64-apple-macosx/release/ModuleCache",
      "-parseable-output",
      "-Xfrontend",
      "-entry-point-function-name",
      "-Xfrontend",
      "TodoPlantApp_main",
      "-swift-version",
      "5",
      "-sdk",
      "/Applications/Xcode.app/Contents/Developer/Platforms/MacOSX.platform/Developer/SDKs/MacOSX15.5.sdk",
      "-F",
      "/Applications/Xcode.app/Contents/Developer/Platforms/MacOSX.platform/Developer/Library/Frameworks",
      "-F",
      "/Applications/Xcode.app/Contents/Developer/Platforms/MacOSX.platform/Developer/Library/PrivateFrameworks",
      "-I",
      "/Applications/Xcode.app/Contents/Developer/Platforms/MacOSX.platform/Developer/usr/lib",
      "-L",
      "/Applications/Xcode.app/Contents/Developer/Platforms/MacOSX.platform/Developer/usr/lib",
      "-g",
      "-Xcc",
      "-isysroot",
      "-Xcc",
      "/Applications/Xcode.app/Contents/Developer/Platforms/MacOSX.platform/Developer/SDKs/MacOSX15.5.sdk",
      "-Xcc",
      "-F",
      "-Xcc",
      "/Applications/Xcode.app/Contents/Developer/Platforms/MacOSX.platform/Developer/Library/Frameworks",
      "-Xcc",
      "-F",
      "-Xcc",
      "/Applications/Xcode.app/Contents/Developer/Platforms/MacOSX.platform/Developer/Library/PrivateFrameworks",
      "-Xcc",
      "-fPIC",
      "-Xcc",
      "-g",
      "-package-name",
      "todoplantapp",
      "-driver-use-frontend-path",
      "/Applications/Xcode.app/Contents/Developer/Toolchains/XcodeDefault.xctoolchain/usr/bin/swiftc"
    ]
  },
  "targetDependencyMap" : {
    "TodoPlantApp" : [

    ]
  },
  "testDiscoveryCommands" : {

  },
  "testEntryPointCommands" : {

  },
  "traitConfiguration" : {
    "enableAllTraits" : false
  },
  "writeCommands" : {
    "/Users/bhashini/TodoPlantApp/.build/arm64-apple-macosx/release/TodoPlantApp.build/sources" : {
      "alwaysOutOfDate" : false,
      "inputs" : [
        {
          "kind" : "virtual",
          "name" : "<sources-file-list>"
        },
        {
          "kind" : "file",
          "name" : "/Users/bhashini/TodoPlantApp/TodoPlantApp/ContentView.swift"
        },
        {
          "kind" : "file",
          "name" : "/Users/bhashini/TodoPlantApp/TodoPlantApp/GameLogic.swift"
        },
        {
          "kind" : "file",
          "name" : "/Users/bhashini/TodoPlantApp/TodoPlantApp/PlantModel.swift"
        },
        {
          "kind" : "file",
          "name" : "/Users/bhashini/TodoPlantApp/TodoPlantApp/PlantView.swift"
        },
        {
          "kind" : "file",
          "name" : "/Users/bhashini/TodoPlantApp/TodoPlantApp/TodoItem.swift"
        },
        {
          "kind" : "file",
          "name" : "/Users/bhashini/TodoPlantApp/TodoPlantApp/TodoListView.swift"
        },
        {
          "kind" : "file",
          "name" : "/Users/bhashini/TodoPlantApp/TodoPlantApp/TodoPlantAppApp.swift"
        }
      ],
      "outputFilePath" : "/Users/bhashini/TodoPlantApp/.build/arm64-apple-macosx/release/TodoPlantApp.build/sources"
    },
    "/Users/bhashini/TodoPlantApp/.build/arm64-apple-macosx/release/TodoPlantApp.product/Objects.LinkFileList" : {
      "alwaysOutOfDate" : false,
      "inputs" : [
        {
          "kind" : "virtual",
          "name" : "<link-file-list>"
        },
        {
          "kind" : "file",
          "name" : "/Users/bhashini/TodoPlantApp/.build/arm64-apple-macosx/release/TodoPlantApp.build/ContentView.swift.o"
        },
        {
          "kind" : "file",
          "name" : "/Users/bhashini/TodoPlantApp/.build/arm64-apple-macosx/release/TodoPlantApp.build/GameLogic.swift.o"
        },
        {
          "kind" : "file",
          "name" : "/Users/bhashini/TodoPlantApp/.build/arm64-apple-macosx/release/TodoPlantApp.build/PlantModel.swift.o"
        },
        {
          "kind" : "file",
          "name" : "/Users/bhashini/TodoPlantApp/.build/arm64-apple-macosx/release/TodoPlantApp.build/PlantView.swift.o"
        },
        {
          "kind" : "file",
          "name" : "/Users/bhashini/TodoPlantApp/.build/arm64-apple-macosx/release/TodoPlantApp.build/TodoItem.swift.o"
        },
        {
          "kind" : "file",
          "name" : "/Users/bhashini/TodoPlantApp/.build/arm64-apple-macosx/release/TodoPlantApp.build/TodoListView.swift.o"
        },
        {
          "kind" : "file",
          "name" : "/Users/bhashini/TodoPlantApp/.build/arm64-apple-macosx/release/TodoPlantApp.build/TodoPlantAppApp.swift.o"
        }
      ],
      "outputFilePath" : "/Users/bhashini/TodoPlantApp/.build/arm64-apple-macosx/release/TodoPlantApp.product/Objects.LinkFileList"
    },
    "/Users/bhashini/TodoPlantApp/.build/arm64-apple-macosx/release/swift-version--58304C5D6DBC2206.txt" : {
      "alwaysOutOfDate" : true,
      "inputs" : [
        {
          "kind" : "virtual",
          "name" : "<swift-get-version>"
        },
        {
          "kind" : "file",
          "name" : "/Applications/Xcode.app/Contents/Developer/Toolchains/XcodeDefault.xctoolchain/usr/bin/swiftc"
        }
      ],
      "outputFilePath" : "/Users/bhashini/TodoPlantApp/.build/arm64-apple-macosx/release/swift-version--58304C5D6DBC2206.txt"
    }
  }
}